{
  "SET": {
    "num_to_verb": {
      "count": 12,
      "mean": 0.05039850870768229,
      "m2": 0.00173379269350941
    },
    "self_attn": {
      "count": 12,
      "mean": 0.232452392578125,
      "m2": 0.0049966610968112946
    },
    "first_token": {
      "count": 12,
      "mean": 0.86328125,
      "m2": 0.0020542144775390634
    }
  },
  "SUB": {
    "num_to_verb": {
      "count": 12,
      "mean": 0.06651941935221353,
      "m2": 0.004779210527582715
    },
    "self_attn": {
      "count": 12,
      "mean": 0.24725341796875,
      "m2": 0.003828778862953187
    },
    "first_token": {
      "count": 12,
      "mean": 0.8642985026041666,
      "m2": 0.0005266467730204276
    }
  },
  "ADD": {
    "num_to_verb": {
      "count": 12,
      "mean": 0.07079315185546875,
      "m2": 0.0016893299762159584
    },
    "self_attn": {
      "count": 12,
      "mean": 0.25458780924479163,
      "m2": 0.002500458310047784
    },
    "first_token": {
      "count": 12,
      "mean": 0.8618570963541667,
      "m2": 0.0005662242571512877
    }
  },
  "MUL": {
    "num_to_verb": {
      "count": 12,
      "mean": 0.03951263427734375,
      "m2": 0.000511970603838563
    },
    "self_attn": {
      "count": 12,
      "mean": 0.24640909830729169,
      "m2": 0.0007135408620039621
    },
    "first_token": {
      "count": 12,
      "mean": 0.8905029296875,
      "m2": 0.0008211731910705573
    }
  }
}