{
  "SET": {
    "num_to_verb": {
      "count": 103,
      "mean": 0.04073059674605585,
      "m2": 0.17082049241922434
    },
    "self_attn": {
      "count": 103,
      "mean": 0.12322168442809464,
      "m2": 0.15498676932263142
    },
    "first_token": {
      "count": 103,
      "mean": 0.8009779846783982,
      "m2": 0.2789033720794234
    }
  },
  "ADD": {
    "num_to_verb": {
      "count": 11,
      "mean": 0.041449806906960235,
      "m2": 0.0032935339788144288
    },
    "self_attn": {
      "count": 11,
      "mean": 0.12259188565340909,
      "m2": 0.007701638070019809
    },
    "first_token": {
      "count": 11,
      "mean": 0.8080166903409091,
      "m2": 0.010466012087735257
    }
  },
  "MUL": {
    "num_to_verb": {
      "count": 12,
      "mean": 0.038140614827473954,
      "m2": 0.004772651222689698
    },
    "self_attn": {
      "count": 12,
      "mean": 0.11012776692708331,
      "m2": 0.009270417193571724
    },
    "first_token": {
      "count": 12,
      "mean": 0.7991129557291667,
      "m2": 0.01553700367609658
    }
  },
  "SUB": {
    "num_to_verb": {
      "count": 12,
      "mean": 0.029383341471354164,
      "m2": 0.0016726126583913963
    },
    "self_attn": {
      "count": 12,
      "mean": 0.11201985677083333,
      "m2": 0.01840185622374217
    },
    "first_token": {
      "count": 12,
      "mean": 0.8033854166666666,
      "m2": 0.01813284556070963
    }
  }
}